Argentina;;;Bolivia;;;Brazil;;;Canada;;;Chile;;;Colombia;;;Dominican Republic;;;Guatemala;;;Mexico;;;Panama;;;Peru;;;El Salvador;;;US;;
Rt;Lower;Upper;Rt;Lower;Upper;Rt;Lower;Upper;Rt;Lower;Upper;Rt;Lower;Upper;Rt;Lower;Upper;Rt;Lower;Upper;Rt;Lower;Upper;Rt;Lower;Upper;Rt;Lower;Upper;Rt;Lower;Upper;Rt;Lower;Upper;Rt;Lower;Upper
7,50356313;4,371102038;11,46853311;3,387347862;1,624364965;5,787217244;3,204615928;0,660868846;7,717449724;2,711336943;0,559142861;6,52952086;5,614749756;2,692490751;9,592689601;15,07389188;9,075467604;22,56939276;6,500376825;2,110654661;13,31483714;5,899832486;3,225493321;9,368258001;0,832951071;0,100874239;2,320453165;5,899832486;3,225493321;9,368258001;6,979527583;4,742250368;9,642299623;7,706492535;3,847053307;12,88410378;1,770109914;0,365039219;4,262830422
3,720716757;1,981124971;5,999393903;0,727966695;0,150124234;1,753110669;5,421905266;1,989743675;10,54409852;2,13573874;0,440440673;5,143348446;8,090236029;4,941726345;12,00221043;17,13384348;11,93434977;23,25874806;5,69437342;1,84894755;11,66388607;4,295831859;2,404344481;6,727164185;0,694514568;0,084108936;1,934793752;4,295831859;2,404344481;6,727164185;7,324001472;5,381400801;9,561336462;5,664349099;2,827622662;9,469945152;1,877992963;0,511689876;4,116219282
4,573986021;2,899514776;6,623979812;1,149095143;0,421697665;2,23467062;9,647519968;4,985014348;15,82357163;1,769008936;0,364812171;4,260179014;6,081110359;3,71450019;9,02158675;15,23267918;11,34173018;19,68861616;4,881024385;1,584855332;9,997888812;2,949633715;1,6125922;4,683680378;0,964881244;0,198981709;2,323655208;2,949633715;1,6125922;4,683680378;8,321338321;6,534040372;10,32144398;6,371788924;3,711801856;9,738716254;1,627009745;0,443305396;3,56610968
3,43223534;2,175742785;4,970513136;1,487888177;0,68035722;2,605984764;12,52609977;7,423760585;18,94130475;1,035268151;0,125375776;2,884072475;8,217433375;5,755389311;11,11100335;10,77712378;8,204045956;13,69579719;3,124356784;0,851282069;6,848022274;2,295336111;1,254881611;3,644730751;0,967779522;0,199579404;2,330634927;2,295336111;1,254881611;3,644730751;7,072215524;5,656859548;8,643219086;5,522419728;3,373237438;8,192745355;2,62140618;1,053941242;4,890597988
3,443929269;2,306453482;4,805800928;2,166395823;1,184388756;3,439988347;12,74334208;8,164899722;18,32455045;0,955039691;0,115659737;2,660570293;9,088915928;6,827873377;11,66836793;8,885334212;7,03460277;10,94892834;2,437096775;0,664026847;5,34167323;1,740489052;0,926737117;2,806416098;1,019180859;0,210179595;2,454421128;1,740489052;0,926737117;2,806416098;6,228747177;5,094498089;7,475291934;4,567329594;2,86232114;6,664300795;2,492061903;1,001938135;4,649288241
3,693402109;2,613671153;4,956898073;2,420942759;1,383777964;3,743415858;8,125661307;5,150972241;11,76746414;1,841073867;0,501630664;4,035299333;7,573774795;5,806769706;9,571913948;6,204006698;4,962404554;7,58214861;0,490238635;0,012411768;1,808431228;1,373238654;0,709572452;2,252344674;1,092647651;0,225330214;2,631346004;1,373238654;0,709572452;2,252344674;6,414460761;5,432166198;7,477186789;3,158835949;1,929499062;4,686267944;1,688002832;0,548089925;3,457566137
3,634325261;2,650901784;4,770491762;2,650931212;1,571109844;4,0085978;6,286112016;4,177075783;8,819321416;1,84931448;0,503875954;4,053361259;11,46771088;9,601674672;13,49699202;4,600743205;3,717868826;5,57626145;2,923844185;1,175537006;5,454838169;0,917327713;0,419460644;1,606667813;2,726536155;1,096208945;5,086732584;0,917327713;0,419460644;1,606667813;5,999630155;5,185041048;6,872780679;2,449268039;1,496076548;3,633593667;1,243185714;0,338726266;2,724837157
3,294186175;2,437057067;4,278477991;2,477880936;1,468549283;3,746920336;5,964993437;4,261478765;7,950483834;1,887549942;0,514293831;4,137166445;10,7864037;9,264079338;12,42283154;4,421500612;3,683228089;5,226208703;2,669739626;1,073373795;4,980770757;0,942111386;0,451779029;1,609578786;8,211838245;5,016004137;12,18261251;0,942111386;0,451779029;1,609578786;5,086985083;4,439782428;5,77758044;2,261782044;1,433775798;3,275479752;1,129342114;0,307707716;2,475312675
3,617421955;2,791849894;4,548299892;3,079170908;1,992677059;4,398299745;6,283419773;4,783230259;7,985102944;1,415299146;0,291868709;3,408364763;8,090162878;6,997148006;9,261339032;3,875985168;3,272779998;4,529455247;2,5404961;1,021411194;4,739648975;1,263304256;0,690660193;2,005982413;14,35624325;9,99964944;19,48822781;1,263304256;0,690660193;2,005982413;3,97685275;3,481543574;4,504623293;1,899131964;1,203886756;2,750295199;0,261729905;0,006626427;0,965490068
3,913615556;3,126057104;4,788318567;4,087276627;2,892400203;5,485515261;5,901853836;4,634224658;7,320415463;1,371325175;0,282800219;3,30246536;4,901069902;4,207498659;5,646778043;3,132954152;2,651652218;3,653802233;5,751378495;3,350389918;8,790473742;1,427279949;0,815813812;2,206951145;16,14485712;11,86263374;21,07678591;1,427279949;0,815813812;2,206951145;3,175214717;2,789273315;3,585799779;1,945232803;1,281920674;2,744653174;0,251570686;0,006369218;0,928013934
3,9669631;3,241296317;4,764835926;4,453489639;3,283651696;5,798818005;5,859782711;4,751889034;7,08202652;0,436791178;0,011058595;1,611270004;6,760224245;6,080769162;7,475145753;3,546371597;3,083974076;4,040596698;5,158736461;3,005154094;7,884672768;1,163874478;0,619714142;1,876665681;16,93687266;13,32192475;20,97919007;1,163874478;0,619714142;1,876665681;2,245447806;1,959142459;2,550993781;2,002073485;1,360311799;2,765888118;0,253235547;0,006411369;0,934155408
5,087001897;4,333810243;5,899650658;4,137705482;3,099425341;5,323671939;7,60717902;6,497155786;8,803454388;0,421739038;0,010677508;1,555744472;5,178109909;4,6724466;5,709379173;3,999907095;3,55274541;4,473190045;6,126528567;3,925382454;8,809767575;1,339047415;0,749454673;2,096914429;10,94542837;8,705224004;13,43826359;1,339047415;0,749454673;2,096914429;1,83594581;1,602870005;2,084612286;2,236652891;1,582788705;3,001801612;0,539762516;0,065367745;1,503682128
4,830783997;4,166595597;5,54337184;4,188841719;3,239649882;5,258128348;6,263414778;5,388781154;7,20285798;0,420936518;0,01065719;1,552784074;4,389711487;3,985473711;4,813194798;3,473054838;3,092966384;3,874851099;12,37947965;9,491276062;15,64547628;1,66888961;1,004780565;2,498745871;7,409242121;5,98021464;8,989070443;1,66888961;1,004780565;2,498745871;1,856215693;1,640222668;2,085374606;2,04827738;1,449482981;2,748983701;0,607629858;0,073586795;1,692748442
4,201512561;3,647321143;4,794326151;3,289974359;2,539132752;4,136589595;5,44102896;4,737993331;6,19198794;0,442899722;0,01121325;1,633803685;3,934099709;3,599707689;4,283130894;2,643582349;2,342454094;2,962654909;15,2905415;12,46760925;18,3972431;1,199948251;0,656022875;1,905380335;6,256330304;5,203691858;7,404489005;1,199948251;0,656022875;1,905380335;1,76690082;1,569042395;1,976337849;2,35605479;1,737168812;3,067781458;1,067619988;0,220168908;2,571073655
4,164916315;3,674913758;4,685138983;2,221019897;1,673176142;2,845259199;6,128034649;5,485571752;6,805560531;0,49186645;0,01245298;1,81443604;4,103534556;3,801948461;4,416467414;2,325979841;2,069779133;2,59691318;18,98538565;16,32723877;21,84105941;1,241463122;0,694837485;1,944099892;5,21825672;4,419145868;6,082799734;1,241463122;0,694837485;1,944099892;1,573241986;1,395572055;1,761402925;2,127598173;1,568722937;2,770311731;1,269314533;0,261763172;3,05680035
4,349200884;3,904201595;4,81786975;1,637338073;1,215263877;2,12135481;6,892592268;6,302178665;7,509063362;1,143708965;0,138508462;3,186169247;3,372038981;3,128364917;3,624721544;1,908887951;1,697250127;2,132780471;14,75096914;12,88637085;16,73971812;2,062731797;1,347444894;2,927883695;4,282471598;3,662901769;4,94974068;2,062731797;1,347444894;2,927883695;1,973184829;1,78146817;2,174558131;2,226407585;1,681804363;2,846225939;1,485270788;0,306298544;3,576872516
3,650830724;3,287308171;4,03314251;1,429982961;1,067979672;1,844006515;7,302429631;6,773266458;7,851212129;1,37641265;0,166689958;3,834440223;2,954766885;2,749723203;3,167079021;1,57226044;1,394701357;1,760303985;10,83044087;9,596754409;12,13764301;2,442290698;1,670525029;3,358304299;4,278433251;3,736452652;4,856583741;2,442290698;1,670525029;3,358304299;2,200266162;2,004800152;2,404694176;1,774913527;1,317375031;2,299599214;1,104036882;0,133703988;3,075649898
3,399026377;3,084594611;3,728499529;1,039282629;0,752133992;1,372138239;6,909362306;6,464055541;7,369291858;1,670927951;0,202357127;4,654907338;3,067792899;2,878609139;3,262912217;1,557430885;1,391193374;1,732914744;7,483098093;6,68678668;8,323559344;2,114749972;1,416281246;2,951009322;3,726692176;3,279012033;4,202602166;2,114749972;1,416281246;2,951009322;2,173506105;1,986225821;2,369102927;1,521845136;1,122088467;1,981570339;1,16030073;0,140517801;3,232390948
2,864074279;2,604685501;3,135598537;1,130292876;0,841577288;1,460931615;7,08015239;6,693960797;7,477021696;1,957143554;0,237019164;5,452252975;3,031508904;2,859835836;3,208115177;1,842996407;1,670126169;2,024257498;5,626335888;5,072659769;6,208277169;2,095061142;1,4234924;2,894351662;2,872978415;2,522380453;3,246058528;2,095061142;1,4234924;2,894351662;2,791631561;2,587772163;3,00311006;1,283510921;0,936201673;1,684763425;0,587263962;0,014868236;2,166345962
2,286961492;2,07730576;2,506551834;1,452124985;1,129839914;1,814234514;5,971149192;5,669161431;6,280862791;3,219126863;0,66386135;7,752395382;2,676457088;2,528240171;2,828836344;2,166303058;1,985273441;2,355118406;3,902248712;3,51971598;4,30423053;2,128514151;1,482588095;2,889402746;2,618454074;2,317028608;2,938043808;2,128514151;1,482588095;2,889402746;2,815756938;2,621226133;3,017151849;1,226945729;0,901513572;1,601752946;0,59268058;0,015005373;2,186327215
2,036149077;1,855262809;2,225328877;1,476326508;1,155134569;1,836321328;4,678679964;4,450871031;4,912094494;2,200112977;0,266443888;6,129122464;2,440557276;2,31007188;2,574577005;2,128834333;1,955231582;2,309715315;3,5764743;3,26203423;3,905175233;3,41642686;2,625276204;4,31018592;2,651374009;2,375022547;2,942714827;3,41642686;2,625276204;4,31018592;2,768929575;2,587353117;2,95657636;1,050611194;0,76033253;1,387095053;0,612330405;0,015502864;2,258813048
1,747109811;1,592063795;1,909256792;1,590035034;1,25884571;1,959316244;3,331640503;3,166772406;3,500633339;2,116025049;0,25626045;5,894868491;2,282702282;2,166029971;2,402391983;2,007580647;1,845433695;2,176457664;3,195096687;2,933150015;3,468086599;3,147204181;2,428945743;3,957080101;2,695454015;2,43836939;2,965237895;3,147204181;2,428945743;3,957080101;2,823052732;2,652111077;2,999257524;1,09788517;0,806684728;1,433266985;1,978675207;0,408050397;4,765103457
1,464432094;1,331367174;1,603743935;2,464672644;2,053138133;2,913240266;2,953980386;2,818630254;3,092460002;2,924371972;0,603075805;7,042558041;1,95482348;1,854528895;2,057722035;1,96488603;1,811909367;2,123973786;2,40287266;2,19882831;2,615840801;3,280181808;2,588668187;4,05231671;2,790050168;2,546498555;3,044565307;3,280181808;2,588668187;4,05231671;4,098337985;3,906921541;4,294267905;1,204455739;0,90222;1,549681882;2,222199148;0,458270888;5,351564927
1,54900893;1,418837305;1,684811824;2,093399047;1,723698299;2,498483582;2,45024751;2,340496949;2,56247742;3,595090495;0,979541161;7,87978502;1,799276006;1,709244557;1,891585674;1,685135121;1,550879188;1,824884628;2,433203301;2,245715895;2,628100189;2,801917051;2,211229119;3,46147133;2,962171522;2,727748199;3,206120436;2,801917051;2,211229119;3,46147133;3,893912312;3,721355669;4,070324671;1,209094719;0,908309166;1,55223815;2,505748505;0,516745582;6,034416774
1,463076014;1,341598933;1,589742496;1,615686106;1,304067211;1,960189178;2,178337627;2,084207351;2,274517726;2,499325046;0,515420911;6,018947612;1,708737806;1,62600172;1,793498111;1,343939862;1,230359809;1,462462589;2,34036044;2,170650447;2,516367174;2,473276243;1,964138344;3,040203829;2,701433191;2,49294894;2,91817026;2,473276243;1,964138344;3,040203829;4,178720009;4,014643288;4,346036821;1,174187436;0,879546964;1,510737952;2,652125795;0,546932099;6,386926842
1,247814601;1,139328174;1,361163976;1,678008918;1,375168803;2,010536127;1,901250803;1,819948286;1,984304985;3,777110111;1,226417372;7,736721628;1,653723587;1,576329213;1,732946639;1,298822175;1,192339593;1,409793888;1,911281851;1,768441282;2,059590939;1,410591952;1,062650903;1,807052577;2,364175347;2,183284667;2,552162638;1,410591952;1,062650903;1,807052577;6,148134853;5,967636523;6,33128488;1,311194945;1,000579876;1,663156848;2,574353541;0,53089359;6,199633426
1,216389288;1,112194414;1,325182729;1,705283627;1,414999136;2,022249139;1,740053635;1,667221382;1,814421092;4,01678395;1,474088916;7,81152817;1,534218035;1,462847472;1,607264583;1,728958196;1,610406177;1,851660883;1,601442017;1,47881525;1,728883505;1,315159058;1,003604912;1,668185042;2,124712271;1,965920876;2,289582846;1,315159058;1,003604912;1,668185042;5,826967402;5,669369314;5,986695948;1,330175891;1,019838228;1,681107441;0,785588481;0,019889378;2,897941207
1,147417098;1,048647303;1,250568433;1,169242872;0,941401424;1,421404614;2,031558098;1,957038609;2,107450507;6,432452172;3,211056949;10,7540987;1,462557841;1,395488426;1,531179313;1,691215569;1,577289541;1,809057732;1,332112873;1,226603021;1,441913747;1,200113165;0,920119882;1,516731122;1,836545045;1,699391508;1,97894534;1,200113165;0,920119882;1,516731122;4,532606093;4,409839092;4,65703512;1,27852648;0,977971451;1,618738046;1,413137958;0,171137563;3,936750381
1,003482006;0,912994651;1,098183549;1,544907642;1,290766279;1,821548271;2,252433603;2,177548027;2,328567485;6,945611607;3,797230498;11,02883542;1,309913101;1,248609081;1,372665616;1,947049575;1,827637853;2,070186589;1,3095258;1,20979339;1,413152029;1,424860406;1,129825686;1,753603685;1,691138016;1,567816563;1,819061769;1,424860406;1,129825686;1,753603685;3,826389459;3,728246751;3,925789454;1,241390328;0,949565237;1,57172009;1,308231411;0,158432893;3,644499448
0,956927681;0,869881167;1,048065435;1,862860469;1,591035868;2,155806657;2,418764058;2,344455225;2,494216053;6,767405759;3,942263241;10,34338162;1,301308144;1,242042015;1,361936139;2,099983697;1,97936543;2,224118992;1,039846247;0,954366252;1,128940054;1,541727646;1,241302929;1,874220354;1,732160464;1,613975926;1,854461621;1,541727646;1,241302929;1,874220354;3,29049772;3,211130586;3,370820271;1,200214638;0,918069097;1,519587688;6,391431568;3,064939869;10,91963521
0,940296086;0,854856533;1,029746719;1,760202561;1,502616035;2,037866887;2,63424656;2,560253471;2,709279016;5,39175871;3,195497924;8,153132003;1,235224293;1,17899855;1,292741317;1,846505489;1,737460128;1,958822702;1,043752546;0,960314281;1,13061705;1,802586562;1,481506928;2,154688115;1,840269764;1,723819703;1,960471993;1,802586562;1,481506928;2,154688115;2,013648146;1,958688904;2,069357224;1,084131218;0,821110397;1,383135711;10,31467981;5,895730737;15,94921476
0,885616005;0,803124708;0,972082046;1,647107058;1,404664575;1,908566333;2,798893811;2,726699725;2,872018054;4,38498118;2,678460424;6,505306726;1,324553569;1,26756841;1,382774091;1,262381999;1,176356203;1,351400437;1,089798689;1,005957613;1,176947736;1,566066617;1,272821669;1,889255473;1,942305426;1,827230942;2,060844196;1,566066617;1,272821669;1,889255473;1,70297127;1,657364518;1,749188411;1,364910562;1,071748362;1,692978623;23,37523612;16,62207795;31,26166254
1,081046199;0,989684012;1,176384203;1,566883538;1,338247256;1,813285546;2,338684126;2,276798218;2,401388305;2,932747905;1,738132276;4,434746079;1,328010353;1,271984062;1,385227167;1,083094951;1,007254258;1,161649292;1,476689203;1,379742857;1,576880408;1,549325621;1,264609787;1,862515637;2,161684986;2,04468931;2,281889644;1,549325621;1,264609787;1,862515637;1,502671109;1,463228383;1,542631096;1,565084085;1,253568193;1,910649261;25,61803768;19,45285006;32,61887821
1,044393174;0,954313992;1,13847663;1,460471314;1,247972402;1,689430899;1,956947036;1,904230593;2,010373225;3,271143553;2,136819573;4,643128054;1,275551339;1,221548229;1,330706117;0,82748329;0,764120646;0,893333755;1,485494441;1,388739316;1,585461608;1,52189807;1,248442485;1,822029719;2,332129025;2,215357806;2,451857107;1,52189807;1,248442485;1,822029719;1,410181045;1,374224599;1,446595372;1,687938196;1,367235358;2,041922988;22,7698749;18,28607927;27,73791909
1,030051005;0,940225851;1,123915374;1,274521463;1,083536993;1,480779554;1,883263972;1,835138303;1,932003869;2,84922479;1,893289181;3,99741989;1,163869589;1,113163724;1,215688911;0,647074966;0,592799535;0,703693779;1,557670632;1,459259287;1,659247724;1,683185136;1,404241039;1,987025105;2,20727394;2,098812946;2,318428915;1,683185136;1,404241039;1,987025105;1,276171009;1,243407546;1,309354601;1,992121179;1,647538492;2,368937719;20,46593954;17,33183647;23,85666675
1,177476169;1,081113936;1,277893326;1,093893451;0,923094069;1,278976549;1,956192606;1,910212131;2,002712312;2,987347942;2,080797299;4,05524734;1,104482339;1,055949912;1,154089869;0,795042515;0,735580574;0,856782656;1,639149197;1,539702435;1,741663973;1,747869891;1,472216236;2,046828612;2,17404679;2,07197692;2,278536247;1,747869891;1,472216236;2,046828612;1,276684591;1,244902082;1,308862135;1,976565682;1,641418336;2,342385216;14,34599921;12,39334332;16,43940935
1,275968217;1,175654312;1,380330335;1,506604471;1,310164207;1,71656604;1,933355414;1,890073859;1,977120127;3,277321214;2,390500582;4,301880742;0,973621391;0,928824363;1,019458611;0,926180853;0,861827145;0,992818812;1,6305373;1,533709202;1,730287372;2,07803117;1,785535591;2,392387033;2,023055956;1,930180528;2,118083059;2,07803117;1,785535591;2,392387033;1,242179916;1,211543471;1,273193573;1,917511555;1,598542988;2,265065093;12,20268368;10,8269528;13,6595015
1,120103045;1,026587087;1,21763705;1,975449447;1,753865411;2,210023657;1,972007644;1,930327254;2,014127046;2,686163047;1,943989516;3,546472278;1,005698229;0,960758044;1,051651187;1,011188407;0,943030371;1,08169079;1,360862604;1,275156257;1,449317025;1,995392348;1,718205612;2,29300293;1,893608305;1,808902276;1,980225328;1,995392348;1,718205612;2,29300293;1,203943549;1,17433024;1,233920476;1,713265057;1,425005234;2,027682629;9,857432959;8,889879745;10,87424593
1,14826657;1,054294791;1,246192683;2,01090623;1,790834197;2,24354713;1,834750455;1,796335397;1,873566291;3,197757482;2,44022584;4,056126266;1,071946361;1,025929642;1,118958434;1,119109009;1,046135819;1,194507553;1,348604757;1,266100201;1,433676634;1,883728983;1,624733561;2,161597415;1,651845729;1,577103069;1,728294484;1,883728983;1,624733561;2,161597415;1,288724596;1,258559296;1,319242163;1,830790994;1,545871794;2,139452427;6,9249794;6,275426948;7,60606012
1,147128062;1,054235836;1,243886362;2,234967206;2,007872551;2,474052934;1,631556561;1,596958517;1,666520231;2,900669;2,233868583;3,653227961;1,150183282;1,102682198;1,198672004;1,206702198;1,129853706;1,286043257;1,26526317;1,187933719;1,344996456;1,581327829;1,355089633;1,82477452;1,590051344;1,520411995;1,661228178;1,581327829;1,355089633;1,82477452;1,403796906;1,372754921;1,435181129;2,042931645;1,754605277;2,352869074;5,982989241;5,48804047;6,499001387
0,993131271;0,90781039;1,082229305;2,385392442;2,158976016;2,622936607;1,320882067;1,291163278;1,350934294;5,014159036;4,189316711;5,912025079;1,129069344;1,082080533;1,177042838;1,205547462;1,12827356;1,285344561;1,391975647;1,313014837;1,473209442;1,285957884;1,092079317;1,495444607;1,484156874;1,419881252;1,549835363;1,285957884;1,092079317;1,495444607;1,537626704;1,505586661;1,569999401;2,018547162;1,74379962;2,313099463;6,918454687;6,470837168;7,380829646
0,898122448;0,817913231;0,982029606;1,866788184;1,676579055;2,067070085;1,195689042;1,168610596;1,223073317;3,991669228;3,314840039;4,73044082;1,156238546;1,10879496;1,204662088;1,215360407;1,137960519;1,295270746;1,340674245;1,264912613;1,418608238;0,956185706;0,797128941;1,129496644;1,424011724;1,363451342;1,485869567;0,956185706;0,797128941;1,129496644;1,596637975;1,56451214;1,629085771;2,013272659;1,750167707;2,294532117;6,992802059;6,606646801;7,389770157
0,910439587;0,830312199;0,994204928;1,439029575;1,281794979;1,605229028;1,304087873;1,276800765;1,331659483;4,709503674;4,035722061;5,434535554;1,03742073;0,992734209;1,083077203;1,360458418;1,279251535;1,444128922;1,538819241;1,459117938;1,620610037;1,015512592;0,856951515;1,187333911;1,419568821;1,361060442;1,4792912;1,015512592;0,856951515;1,187333911;1,719018545;1,686367907;1,751977898;2,183836331;1,921496402;2,462718911;7,250106374;6,91021223;7,598045826
1,010615083;0,926396012;1,098445766;1,270666792;1,131382665;1,417919322;1,381485248;1,354126851;1,409113459;6,674967339;5,950245662;7,440732766;1,031470016;0,987244448;1,076651012;1,426263417;1,344163102;1,510763026;1,434175043;1,358709875;1,511651033;1,0630207;0,904210344;1,23449001;1,50339679;1,444850545;1,563089497;1,0630207;0,904210344;1,23449001;1,684935681;1,653462458;1,716701511;2,002484871;1,763314967;2,256643863;7,353888355;7,059662371;7,654036996
1,139561153;1,049897692;1,232846118;1,066807021;0,945498522;1,195331018;1,579072621;1,550359958;1,608045074;6,186289567;5,565355956;6,83958891;1,033744167;0,989822863;1,078605539;1,46299145;1,381107656;1,547200065;1,312233851;1,241593661;1,384800888;0,962221459;0,812962922;1,123873519;1,646509893;1,586744708;1,707364465;0,962221459;0,812962922;1,123873519;1,471138036;1,442666801;1,499883613;1,64160518;1,436289333;1,860437238;5,127189097;4,917869796;5,340809619
1,283370445;1,187740017;1,382650773;1,621755153;1,476456537;1,773775031;1,746884535;1,717175821;1,776844511;6,09252165;5,551277633;6,658581395;1,087215341;1,042445094;1,132913687;1,437834635;1,358177945;1,519729236;1,138246054;1,07408572;1,204241327;0,950254017;0,802369515;1,110461691;1,601244563;1,543745836;1,659779918;0,950254017;0,802369515;1,110461691;1,544195203;1,516049728;1,57259595;1,946000337;1,733031555;2,171132301;5,333371385;5,151624511;5,518224906
1,4493469;1,347395921;1,554963089;1,8399658;1,688303388;1,998058093;1,706751731;1,677967186;1,735777677;5,881894011;5,421731403;6,360532203;1,142691338;1,096972737;1,189330236;1,553846304;1,47282034;1,6370113;1,114582491;1,052633062;1,178278186;1,075086938;0,917302728;1,245208444;1,661182407;1,604163826;1,719182804;1,075086938;0,917302728;1,245208444;1,60499657;1,577306579;1,632924161;1,89741752;1,697015256;2,108842777;5,534368743;5,375252041;5,695773946
1,438036272;1,336880913;1,542828239;1,878795049;1,72796164;2,035849725;1,479160928;1,453094573;1,505455792;4,9975304;4,632067841;5,376671958;1,206837359;1,159989075;1,254600065;1,431453878;1,355631916;1,509309948;0,945722689;0,889898755;1,003220799;1,014458564;0,8610407;1,180268694;1,788478517;1,731078749;1,846801408;1,014458564;0,8610407;1,180268694;1,737731877;1,709845116;1,765841085;1,618421723;1,441585965;1,805339914;6,198516606;6,051603476;6,347167196
1,340608665;1,24419797;1,440565823;1,995229146;1,843157083;2,153243264;1,424519877;1,399807594;1,449445393;4,654339746;4,348951071;4,969943958;1,20540406;1,158777323;1,252937603;1,391009223;1,31823927;1,465706651;0,825867582;0,774523615;0,878835983;0,953028663;0,804223762;1,114277911;1,884835118;1,827832582;1,942700693;0,953028663;0,804223762;1,114277911;1,719119806;1,692233703;1,746214875;1,4449308;1,284994609;1,614111839;7,944875003;7,798953257;8,092130489
1,245272777;1,154272164;1,339676972;1,926037579;1,781665883;2,075953509;1,263726159;1,241286187;1,286364365;4,064837436;3,815790156;4,321646297;1,205959363;1,159637871;1,253175292;1,569815452;1,494546089;1,646907977;0,920773882;0,866964644;0,976180293;1,302679269;1,127540482;1,490276518;1,953540478;1,897562636;2,010320694;1,302679269;1,127540482;1,490276518;1,725191099;1,699115922;1,751462084;1,477347826;1,322005796;1,641194221;8,818691277;8,684688518;8,953705737
1,162296827;1,076505348;1,251330593;1,640001325;1,512625636;1,772452666;1,263368209;1,241654748;1,285267274;4,55329486;4,320488999;4,792123695;1,194137562;1,148499609;1,240652258;1,542497093;1,469845666;1,616876394;0,836202601;0,785020316;0,888978356;1,564781943;1,37228189;1,769732748;1,982536848;1,928342027;2,037472248;1,564781943;1,37228189;1,769732748;1,597491811;1,573275795;1,62189021;1,343340386;1,200605139;1,493976655;8,398785186;8,286783904;8,511527872
1,060928799;0,98086509;1,144088813;1,636143752;1,514849864;1,762042432;1,33169435;1,309987884;1,353576706;5,008583026;4,790972944;5,230958275;1,430190346;1,380801556;1,480434838;1,522925159;1,452598993;1,594890398;0,742510958;0,694094412;0,792536688;1,895668779;1,683746246;2,119970917;1,853552062;1,803401048;1,904381296;1,895668779;1,683746246;2,119970917;1,348860927;1,327437032;1,370453946;1,208014695;1,076856834;1,346600524;7,616575897;7,527006152;7,706668096
1,010991926;0,934290102;1,090676481;1,675484041;1,558239072;1,796921318;1,596732722;1,573444843;1,620189304;4,633646472;4,446555529;4,824538744;1,618395236;1,566510216;1,671113773;1,478145852;1,410752269;1,547089795;0,781088374;0,730994478;0,832818888;2,024873468;1,808080572;2,253763711;1,624758923;1,579969981;1,670165142;2,024873468;1,808080572;2,253763711;1,221216639;1,201584421;1,241005736;1,269729106;1,138523275;1,407986983;6,69063284;6,620652168;6,760976334
1,043190842;0,96624637;1,123041069;1,538484926;1,430686798;1,650142768;1,617043894;1,594016727;1,64023391;4,388056544;4,226035492;4,553082695;1,972993764;1,916525312;2,030270651;1,660590969;1,591148702;1,731495607;0,92561796;0,87039305;0,982517449;2,233880609;2,011447402;2,467810623;1,51650642;1,47524854;1,558325371;2,233880609;2,011447402;2,467810623;1,202378369;1,183538264;1,221365184;1,345638139;1,213216664;1,484819731;5,381430698;5,328792299;5,434324229
0,99592475;0,921327901;1,073384089;1,791166434;1,678830074;1,90708922;1,714649453;1,691395045;1,738060432;3,992536168;3,855686327;4,131739126;2,167123662;2,109162789;2,225859236;1,453424983;1,390371285;1,517857315;1,049805967;0,99010262;1,111232477;2,482182591;2,25639192;2,718585562;1,335444661;1,298416606;1,37298605;2,482182591;2,25639192;2,718585562;1,221830233;1,203327662;1,240472013;1,33483089;1,205137353;1,471057005;4,523175057;4,482184621;4,564349495
0,908039942;0,837115703;0,981806992;1,563743943;1,462346363;1,668492167;1,757934193;1,734984929;1,781032154;3,404564157;3,29252225;3,518454488;2,210965073;2,154226892;2,268430496;1,518739135;1,45615737;1,582619123;1,204383279;1,13944954;1,271091001;2,791593105;2,563540273;3,029224637;1,351406893;1,31554403;1,387745318;2,791593105;2,563540273;3,029224637;1,199738305;1,181746751;1,2178639;1,209453031;1,088057155;1,337176582;4,213099489;4,178958006;4,247377952
0,890882449;0,820727964;0,963872899;1,460282526;1,365540971;1,55815658;1,852332832;1,829518051;1,875287032;2,710494648;2,621319443;2,801140606;2,107185121;2,054174029;2,160862146;1,539346173;1,478218889;1,601694523;1,471597222;1,398984969;1,546020732;2,65661582;2,446896289;2,874835065;1,430752072;1,394962322;1,466988837;2,65661582;2,446896289;2,874835065;1,266813052;1,248582498;1,285173905;1,214233309;1,094588453;1,339994358;3,814232997;3,785722157;3,842849317
1,016832838;0,941724081;1,094782286;1,444360383;1,353299837;1,538343845;1,836104144;1,814215855;1,858121866;2,61394833;2,53499952;2,694090855;1,907248269;1,859452888;1,955641707;1,533456419;1,474221625;1,59384161;1,521944309;1,447908875;1,597799754;2,548242733;2,356082955;2,747828076;1,473689847;1,438241379;1,509563862;2,548242733;2,356082955;2,747828076;1,14410676;1,126993657;1,161347029;1,210024122;1,092604659;1,333350108;3,445510219;3,421404566;3,469699325
1,04478285;0,96837931;1,12404612;1,476216301;1,387087063;1,568081555;1,852841516;1,831726213;1,874076152;2,35566218;2,287227204;2,425091868;1,729805064;1,686829429;1,773313763;1,404509837;1,349462297;1,460642407;1,425218756;1,35420817;1,498018389;2,41924694;2,245026355;2,599885356;1,44573381;1,411371817;1,480503339;2,41924694;2,245026355;2,599885356;0,919423968;0,904275112;0,934696918;1,229059461;1,112539549;1,351298791;3,091984718;3,071482702;3,11255399
1,262902531;1,17838564;1,350304966;1,355673063;1,272777075;1,441147238;1,728578648;1,709039127;1,748227697;2,190236692;2,129205642;2,252118105;1,589940147;1,550949718;1,629407882;1,434937276;1,38087914;1,490018806;1,379474678;1,310989255;1,449679195;1,931307241;1,786755785;2,081401255;1,462588386;1,428779955;1,496786652;1,931307241;1,786755785;2,081401255;0,893975361;0,879222761;0,908849001;1,226490088;1,111715963;1,346821504;2,80776521;2,790091054;2,825494399
1,363470667;1,275352918;1,454490239;1,450730796;1,367185502;1,536718714;1,550098235;1,532387957;1,567908861;2,232115006;2,174585401;2,290385241;1,502457228;1,466363239;1,538983949;1,437808478;1,385198295;1,491385497;1,305745781;1,240878555;1,372242364;1,567389588;1,446041426;1,69355718;1,333819526;1,302308029;1,365702479;1,567389588;1,446041426;1,69355718;0,920626142;0,905795618;0,935575421;1,179906279;1,068841588;1,296381899;2,525870193;2,51058757;2,54119855
1,548712503;1,454889307;1,645425874;1,368706246;1,289572131;1,450163463;1,439893094;1,423541101;1,456337175;2,125652555;2,072889297;2,179069692;1,440307086;1,406401004;1,474611411;1,394275798;1,343823132;1,445645202;1,157908357;1,098521072;1,218836979;1,398850033;1,291148219;1,510804726;1,284882298;1,25473332;1,315384224;1,398850033;1,291148219;1,510804726;0,981534285;0,966271653;0,996914856;1,121501064;1,014664989;1,233607825;2,282587234;2,269235034;2,29597806
1,602402901;1,507860074;1,699779749;1,298136403;1,222882843;1,375605195;1,317998631;1,302959102;1,333123266;1,715077654;1,670373221;1,760364212;1,376082699;1,344069465;1,408467468;1,434215569;1,384303408;1,484999332;1,275613702;1,214763135;1,337930469;1,521122527;1,414192715;1,631893932;1,333897407;1,303935371;1,364195049;1,521122527;1,414192715;1,631893932;1,066877761;1,050928208;1,082945771;1,044163364;0,942454977;1,151008362;2,14501566;2,133022342;2,157042138
1,719183249;1,623000129;1,81809601;1,499320823;1,420196275;1,580560055;1,42430103;1,409183536;1,439498065;1,9869343;1,941395467;2,032993717;1,320545698;1,290092987;1,35134871;1,38257358;1,334746708;1,431230549;1,388658303;1,326392243;1,452332522;1,563521069;1,459071522;1,67153015;1,363200963;1,333586342;1,393136286;1,563521069;1,459071522;1,67153015;1,286642008;1,269036422;1,304367197;0,996284789;0,898115558;1,099472389;2,066528931;2,055533756;2,07755303
1,732544538;1,638520312;1,829154883;1,454856342;1,378608554;1,533127477;1,538068665;1,522784643;1,55342795;1,735758344;1,695343228;1,776642909;1,47774461;1,446328649;1,509493422;1,390665105;1,343821587;1,438299937;1,316130435;1,256481682;1,377143004;1,868234312;1,757135408;1,982690679;1,391275047;1,361949483;1,420908637;1,868234312;1,757135408;1,982690679;1,329732;1,311768115;1,347816361;0,947150788;0,852337466;1,046892237;1,986232102;1,976091665;1,996398133
1,736224185;1,645131114;1,829737247;1,525551297;1,449115426;1,60392398;1,675458236;1,65987138;1,691116928;1,486572851;1,450892797;1,522680283;1,649573616;1,617110283;1,682355089;1,318756699;1,274209137;1,364058967;1,260559012;1,203085936;1,31935423;2,171121676;2,054335077;2,291091355;1,407716254;1,378778299;1,436950566;2,171121676;2,054335077;2,291091355;1,165115302;1,14833328;1,182017378;1,062832885;0,962788324;1,167751488;1,799372814;1,79024395;1,808524574
1,71466698;1,627417509;1,804162607;1,611962626;1,535182187;1,690590262;1,743346652;1,727810966;1,758950909;1,385479183;1,352512719;1,418837071;1,716601521;1,684193425;1,749314174;1,281438067;1,238528618;1,325068021;1,227514898;1,171776726;1,284529949;2,364757769;2,246430971;2,486078792;1,306627752;1,279304709;1,334235489;2,364757769;2,246430971;2,486078792;1,184084569;1,167329043;1,200957839;1,220433211;1,113244107;1,332478458;1,667386754;1,659042693;1,675751458
1,675339109;1,59238046;1,760374626;1,65047499;1,5747462;1,727957217;1,645040724;1,630354435;1,659791954;1,466854399;1,434223246;1,499847497;1,738130598;1,70632158;1,770229299;1,211659373;1,170851607;1,25315639;0,935049839;0,88735649;0,983974029;2,103775345;1,996616631;2,213695664;1,253759017;1,227563988;1,28022675;2,103775345;1,996616631;2,213695664;1,227606713;1,210798239;1,244529449;1,21561534;1,108629567;1,327458491;1,51850601;1,510916469;1,526114302
1,526049171;1,449940046;1,60407773;1,521972777;1,451332691;1,594267835;1,383978475;1,370945144;1,397072615;1,128989093;1,10128957;1,157027866;1,733961127;1,703152142;1,765042447;1,223155899;1,182971138;1,264002467;0,87437563;0,829056321;0,920883918;1,842808033;1,747630907;1,940473158;1,193852466;1,168846158;1,219119767;1,842808033;1,747630907;1,940473158;1,244197491;1,227535807;1,260969936;1,175259691;1,070299994;1,285058417;1,390736206;1,383779644;1,39770997
1,400909656;1,330742011;1,472854679;1,598425432;1,528259757;1,670143822;1,267607825;1,255582413;1,279689759;1,146547277;1,119364576;1,174051549;1,561965008;1,533763851;1,59041951;1,153052286;1,114728428;1,192014795;0,903298336;0,857813394;0,949941735;1,51247169;1,431207464;1,595948213;1,208568812;1,183912055;1,233476158;1,51247169;1,431207464;1,595948213;1,280983833;1,264317651;1,297757632;1,078854613;0,979053633;1,183429744;1,303966239;1,297477304;1,310471137
1,463598758;1,394359348;1,534492335;1,679778108;1,610155147;1,750853997;1,214347468;1,202981478;1,225766161;1,04465687;1,019273325;1,070348268;1,551398509;1,524362572;1,578668801;1,171620026;1,133567769;1,210291698;0,856093638;0,812063634;0,901269663;1,235465654;1,166086642;1,306821193;1,279005278;1,254072238;1,304180332;1,235465654;1,166086642;1,306821193;1,481075023;1,463395752;1,498858977;0,954965367;0,862179953;1,05242432;1,269714743;1,263507958;1,275936526
1,479764342;1,412278497;1,548803104;1,776259878;1,706935472;1,846944851;1,234267961;1,223131919;1,245453771;1,029831877;1,005022449;1,054939592;1,612800623;1,586265942;1,639552349;1,236398919;1,197807785;1,27559337;0,929155145;0,883175382;0,976285249;0,930455894;0,873105629;0,989604566;1,342347654;1,317170098;1,367760262;0,930455894;0,873105629;0,989604566;1,450201196;1,43295832;1,467545769;0,803488858;0,71949744;0,892050019;1,210209895;1,204300941;1,216133111
1,650502565;1,581098014;1,721377004;1,659256724;1,594446835;1,725339617;1,397871783;1,386268553;1,409522703;0,984521339;0,960513462;1,008821439;1,724889642;1,698391672;1,75158988;1,320757795;1,281312809;1,360792428;1,171867138;1,119815266;1,225084868;1,004810555;0,947171799;1,064127703;1,315754531;1,291163844;1,340573965;1,004810555;0,947171799;1,064127703;1,229579849;1,213979446;1,245278471;0,838217261;0,753046141;0,927885594;1,146116546;1,140481481;1,151765307
1,902836332;1,830140989;1,976927668;1,836345109;1,770482231;1,903393978;1,580136608;1,567994635;1,592324765;0,938075387;0,914777179;0,961662487;1,8075986;1,781343056;1,834043563;1,298816854;1,260135567;1,338074733;1,088880773;1,038298944;1,140648678;1,013922132;0,957172798;1,072282677;1,341637607;1,317172382;1,366324832;1,013922132;0,957172798;1,072282677;1,260424673;1,244968107;1,275975277;0,859021803;0,772915295;0,949610204;1,063993483;1,058653399;1,069346816
2,08089785;2,006886267;2,156230841;1,653806598;1,59360966;1,7151039;1,501743181;1,490084486;1,513446681;1,137497736;1,111887975;1,163395027;1,809194347;1,783781853;1,834784093;1,377251854;1,337922532;1,417142953;0,980612128;0,93236539;1,030058797;1,037042633;0,980095152;1,095575556;1,330488278;1,306540804;1,354650211;1,037042633;0,980095152;1,095575556;1,27177588;1,256603431;1,287038117;0,956589071;0,865130299;1,052577208;0,983163156;0,978098719;0,98824049
2,132517155;2,060023323;2,20624708;1,485553717;1,430682676;1,541442854;1,48442036;1,473051898;1,49583192;1,293182462;1,26586091;1,320791668;1,699251703;1,675498901;1,723169373;1,420611066;1,381284936;1,4604815;1,061373562;1,011162478;1,112784215;0,964159911;0,909327327;1,020575077;1,260272379;1,237404925;1,283346296;0,964159911;0,909327327;1,020575077;1,277130533;1,262236714;1,2921105;1,002417952;0,90783665;1,101618607;0,934229722;0,929342899;0,939129184
2,006700346;1,939276614;2,075260127;1,294122325;1,244898731;1,344286954;1,485903067;1,474813273;1,497033827;1,318722267;1,291119455;1,34661297;1,638548774;1,616129566;1,661120275;1,437127626;1,398288368;1,476491518;1,067276859;1,01711073;1,118633602;1,186388527;1,125392296;1,248971812;1,301357644;1,278573958;1,324339749;1,186388527;1,125392296;1,248971812;1,279003823;1,264362653;1,293728112;1,061372048;0,962963724;1,164499206;0,931152214;0,926303621;0,936013289
1,789152359;1,72860593;1,850726419;1,342779676;1,294414463;1,39201957;1,49800248;1,487181571;1,508862072;1,296480796;1,269221377;1,32402582;1,509709251;1,489052871;1,530505949;1,464313167;1,425915381;1,503214005;0,984165512;0,936215688;1,033295972;1,175210978;1,11442826;1,237584901;1,340818664;1,31813467;1,3636935;1,175210978;1,11442826;1,237584901;1,400959469;1,385882143;1,416117238;1,113852058;1,012194428;1,220304304;0,954934301;0,950033478;0,959847559
1,601466094;1,547173107;1,65668227;1,152919666;1,109469723;1,19719249;1,48204222;1,471588812;1,492532113;1,393943398;1,365978776;1,422187443;1,399025753;1,379908074;1,418273132;1,586985797;1,547916763;1,626534979;0,987488767;0,939645577;1,036503228;1,222183917;1,160226217;1,285730551;1,381265207;1,358657927;1,404056438;1,222183917;1,160226217;1,285730551;1,261041382;1,246966412;1,27519425;1,190486079;1,084947783;1,300852635;0,978278089;0,973308845;0,983259811
1,47410489;1,424612646;1,524430422;1,137409708;1,095269283;1,180334461;1,633266212;1,622601749;1,643965124;1,226524801;1,200728794;1,252591159;1,373851755;1,35556989;1,392254379;1,54139055;1,503838305;1,579399446;0,987946046;0,940242683;1,036813209;1,220725354;1,159112303;1,283911407;1,336810388;1,314969664;1,358828507;1,220725354;1,159112303;1,283911407;1,036540852;1,02400213;1,049154818;1,271244649;1,162244514;1,385060342;0,979410483;0,974419062;0,98441448
1,345769152;1,300545546;1,391754863;1,128356648;1,087149107;1,170319988;1,601626046;1,591358617;1,611926035;1,21425374;1,189085959;1,239681424;1,290903192;1,273719561;1,308200365;1,461130816;1,425550494;1,497143607;1,062559464;1,013144149;1,113134854;1,420596837;1,354680657;1,488056868;1,3079755;1,286780386;1,329341348;1,420596837;1,354680657;1,488056868;0,876762815;0,865445675;0,888152452;;;;0,975607886;0,970605477;0,980622976
1,341515401;1,297975347;1,385763702;1,030224628;0,991391431;1,06979341;1,485675081;1,476068526;1,495312365;1,178174756;1,153882783;1,20271626;1,187096463;1,171041888;1,203258829;1,394601904;1,36084806;1,428763492;1,008330929;0,960216123;1,057605422;1,361527829;1,297808236;1,426752993;1,29766658;1,27697791;1,318519194;1,361527829;1,297808236;1,426752993;0,748221619;0,737936801;0,758576627;;;;0,942954432;0,938020387;0,947901241
1,278631061;1,237342576;1,320587703;0,880185048;0,844668987;0,916422254;1,270406167;1,261794487;1,279046731;1,179611104;1,155740586;1,203722229;1,183162976;1,167482656;1,198946446;1,35350433;1,321226825;1,386165944;1,059855593;1,010509782;1,1103612;1,33772138;1,275544807;1,401356762;1,287599724;1,267406136;1,307950705;1,33772138;1,275544807;1,401356762;0,616736843;0,60748757;0,626055028;;;;0,91669807;0,91182207;0,921586892
1,172553456;1,133932568;1,211812051;0,900926475;0,865239426;0,937324599;1,161547209;1,15356836;1,169553177;1,073778936;1,051350669;1,096440626;1,200980926;1,185465653;1,216595676;1,320914731;1,289906861;1,352285764;1,122479022;1,071716482;1,174399643;1,311269382;1,250886416;1,373055649;1,242004052;1,222555525;1,261603928;1,311269382;1,250886416;1,373055649;0,593913009;0,58483337;0,60306162;;;;0,960385314;0,955384254;0,965399248
1,171284189;1,133425787;1,209755838;0,952884614;0,916283847;0,990192117;1,094831175;1,087301153;1,102386824;1,037317438;1,015548621;1,059313893;1,109138134;1,094444248;1,123928645;1,323097478;1,292827284;1,353713087;1,232132546;1,179006988;1,286412383;1,368824826;1,308399858;1,430594646;1,232571468;1,213550732;1,25173806;1,368824826;1,308399858;1,430594646;0,701321999;0,691345274;0,711369206;;;;1,035566061;1,030358539;1,040786529
1,206073182;1,168273702;1,244466072;1,051234226;1,01270798;1,090469628;1,176253631;1,168616841;1,183914948;0,936640193;0,916168033;0,95733542;1,144442948;1,129696911;1,159283278;1,314181457;1,284670076;1,344023309;1,119842878;1,069389341;1,171443032;;;;1,220530458;1,201925657;1,239276169;;;;0,751309019;0,740768933;0,76192253;;;;1,081299578;1,075959389;1,086652804
1,21485887;1,177424817;1,252870551;1,242287774;1,200178022;1,285113445;1,2815771;1,273722424;1,289455587;0,911453285;0,891403369;0,931723088;1,141882295;1,127308851;1,15654804;1,240209622;1,212109723;1,268627038;1,006973049;0,959461387;1,055616719;;;;1,160585178;1,142729126;1,178577741;;;;0,749304556;0,738496231;0,760190314;;;;1,102752777;1,097344173;1,108174493
1,247166461;1,209672933;1,285224231;;;;1,521939442;1,513464464;1,530437756;0,915987092;0,89595758;0,936234944;1,09099592;1,076883676;1,10519876;1,187371402;1,16039061;1,214657962;0,885914956;0,841789259;0,931151986;;;;1,078693479;1,061730337;1,095789195;;;;0,886124396;0,874039946;0,898290663;;;;1,064139946;1,058824455;1,069468563
1,340627658;1,30218773;1,379618936;;;;1,485736239;1,477443936;1,494051427;0,933121572;0,912893812;0,953567905;1,061768759;1,047966862;1,075659699;1,082946504;1,057637777;1,108550313;0,814044596;0,77213336;0,857047879;;;;1,085557404;1,068762972;1,102480948;;;;0,985332935;0,97226634;0,998485541;;;;0,991833894;0,9867159;0,996964944
1,270562075;1,233609725;1,308052135;;;;1,345186953;1,337410767;1,352985368;0,966355183;0,945689708;0,987240915;1,177847149;1,163424451;1,192357466;1,061862826;1,037194544;1,086816991;0,813436708;0,771731287;0,856224165;;;;1,107731541;1,090949764;1,124639636;;;;1,056339399;1,04253201;1,070236362;;;;0,921709389;0,916799487;0,926632223
1,200049907;1,164662267;1,235959768;;;;1,316540854;1,309012418;1,324090578;0,977112717;0,956217193;0,99823095;1,15030646;1,136152675;1,16454665;1,120112376;1,095090796;1,145412665;0,93084447;0,886117518;0,976657152;;;;1,191801303;1,174533999;1,209192863;;;;1,073966252;1,059854283;1,08817026;;;;0,891579542;0,886773279;0,896398616
1,217092828;1,182039792;1,252650904;;;;1,269441966;1,262235041;1,276669124;1,112017516;1,089596338;1,134663867;1,1013828;1,087625228;1,115225641;1,099832265;1,075258897;1,124679405;1,076287344;1,027783202;1,125894102;;;;1,253751894;1,236154006;1,271472437;;;;1,146157365;1,131489374;1,16091851;;;;0,931219596;0,926318381;0,936133564
1,276267217;1,240961702;1,312061038;;;;1,184596013;1,177803413;1,191407874;1,08995776;1,067668612;1,112473972;1,150694103;1,136737931;1,164734247;;;;1,240892609;1,18822007;1,29469143;;;;1,289299416;1,271573615;1,307146215;;;;;;;;;;0,979359164;0,974325242;0,984405877
1,338138163;1,302532017;1,374217752;;;;1,28152111;1,274605781;1,28845489;1,053002935;1,031064898;1,075168703;1,148521985;1,134695326;1,162431217;;;;1,267919268;1,214226618;1,322757243;;;;1,239934524;1,222713506;1,257274301;;;;;;;;;;0,99539953;0,990301767;1,0005102
1,449264429;1,412735138;1,486253496;;;;1,376245045;1,369204209;1,383303688;0,999641065;0,978316028;1,021192828;1,144065732;1,130382772;1,157829869;;;;1,27361147;1,219728585;1,32864263;;;;1,152725373;1,136334095;1,1692324;;;;;;;;;;0,971996388;0,966932359;0,97707346
;;;;;;1,243796446;1,237203804;1,250406364;0,98152316;0,960489219;1,002781761;;;;;;;1,339324925;1,284465883;1,395315045;;;;1,103534604;1,087741112;1,119440351;;;;;;;;;;0,941463996;0,936459696;0,946481448
;;;;;;1,09098271;1,084903944;1,097078225;0,842745308;0,82335147;0,862361766;;;;;;;1,398166753;1,342885787;1,454547129;;;;1,101355579;1,085814959;1,117005092;;;;;;;;;;0,884121003;0,879259362;0,888995862
;;;;;;1,064654646;1,058750366;1,070575117;0,813766451;0,794762112;0,832992207;;;;;;;;;;;;;1,140786429;1,125168233;1,156510784;;;;;;;;;;0,878422179;0,873566685;0,883290945
;;;;;;1,049317731;1,043546494;1,055104663;0,804981634;0,78606731;0,824117691;;;;;;;;;;;;;1,214593349;1,198629933;1,230660902;;;;;;;;;;0,89472223;0,88980727;0,89965054
;;;;;;1,052489973;1,046775976;1,058219308;0,777620723;0,758931227;0,796534391;;;;;;;;;;;;;;;;;;;;;;;;;0,927021964;0,921993731;0,932063681
;;;;;;1,09378405;1,088000855;1,099582363;0,750726642;0,732183044;0,769498908;;;;;;;;;;;;;;;;;;;;;;;;;0,907970971;0,902960677;0,912994935
;;;;;;;;;0,73072901;0,712193098;0,749499732;;;;;;;;;;;;;;;;;;;;;;;;;0,874817539;0,869863152;0,879785801
;;;;;;;;;0,75004212;0,730966402;0,769360128;;;;;;;;;;;;;;;;;;;;;;;;;0,843198594;0,838300301;0,84811096
;;;;;;;;;0,777570091;0,75780263;0,797588521;;;;;;;;;;;;;;;;;;;;;;;;;0,810078475;0,805244089;0,814927129
;;;;;;;;;0,817656411;0,796998867;0,838574576;;;;;;;;;;;;;;;;;;;;;;;;;0,837117741;0,832164961;0,842085013
;;;;;;;;;0,845193988;0,823788768;0,866869928;;;;;;;;;;;;;;;;;;;;;;;;;0,896157927;0,890984581;0,901346043
;;;;;;;;;0,865495176;0,843445763;0,887825131;;;;;;;;;;;;;;;;;;;;;;;;;0,965953294;0,960521914;0,971399776
;;;;;;;;;0,872917701;0,850427309;0,895697529;;;;;;;;;;;;;;;;;;;;;;;;;0,964162343;0,958673949;0,969666187
;;;;;;;;;0,880960314;0,858070827;0,904146897;;;;;;;;;;;;;;;;;;;;;;;;;0,986921783;0,981315965;0,992543346
;;;;;;;;;0,887466473;0,86424305;0,910993511;;;;;;;;;;;;;;;;;;;;;;;;;0,939661608;0,934156889;0,945182274
;;;;;;;;;0,917063853;0,8932342;0,941202832;;;;;;;;;;;;;;;;;;;;;;;;;0,932100986;0,926598854;0,93761918
;;;;;;;;;0,953319018;0,9288167;0,97813589;;;;;;;;;;;;;;;;;;;;;;;;;0,939745087;0,934208785;0,945297519
;;;;;;;;;0,946479334;0,921880976;0,971397053;;;;;;;;;;;;;;;;;;;;;;;;;0,987904835;0,982215427;0,993610446
;;;;;;;;;0,946873509;0,922113272;0,971957217;;;;;;;;;;;;;;;;;;;;;;;;;0,995035698;0,989308169;1,000779531
;;;;;;;;;0,922543549;0,89798445;0,947429354;;;;;;;;;;;;;;;;;;;;;;;;;1,004209089;0,998436008;1,009998583
;;;;;;;;;0,876716506;0,852684515;0,901077814;;;;;;;;;;;;;;;;;;;;;;;;;0,968953541;0,963268291;0,974655289
;;;;;;;;;0,845330198;0,821646949;0,869345251;;;;;;;;;;;;;;;;;;;;;;;;;0,913275852;0,907748813;0,918819434
;;;;;;;;;0,849346783;0,825496963;0,873531511;;;;;;;;;;;;;;;;;;;;;;;;;0,864186198;0,858805902;0,869583063
;;;;;;;;;0,81739673;0,793850071;0,841282722;;;;;;;;;;;;;;;;;;;;;;;;;0,87559412;0,870170382;0,881034476
;;;;;;;;;0,800204873;0,776706966;0,824048066;;;;;;;;;;;;;;;;;;;;;;;;;0,914715276;0,909151217;0,920296076
;;;;;;;;;0,800467099;0,776718604;0,824568223;;;;;;;;;;;;;;;;;;;;;;;;;0,97343565;0,967659563;0,979228687
;;;;;;;;;0,760083903;0,736665974;0,783863138;;;;;;;;;;;;;;;;;;;;;;;;;1,000160808;0,994260728;1,006078102
;;;;;;;;;0,73152722;0,708246806;0,75517884;;;;;;;;;;;;;;;;;;;;;;;;;1,005119636;0,999162895;1,011093836
;;;;;;;;;0,724394005;0,700886414;0,748283931;;;;;;;;;;;;;;;;;;;;;;;;;0,996767022;0,990806467;1,002745205
;;;;;;;;;0,723493733;0,699616076;0,747766457;;;;;;;;;;;;;;;;;;;;;;;;;0,958147006;0,952290243;0,964021477
;;;;;;;;;0,689530309;0,665800334;0,713669994;;;;;;;;;;;;;;;;;;;;;;;;;0,931394493;0,925617619;0,93718909
;;;;;;;;;0,724260834;0,699454887;0,749492982;;;;;;;;;;;;;;;;;;;;;;;;;0,9800757;0,974148951;0,986020177
;;;;;;;;;0,736559182;0,711015369;0,76254748;;;;;;;;;;;;;;;;;;;;;;;;;1,032246126;1,026156687;1,03835333
;;;;;;;;;0,728830181;0,702864609;0,75526013;;;;;;;;;;;;;;;;;;;;;;;;;1,0074354;1,001406383;1,013482262
;;;;;;;;;0,710455984;0,684261182;0,737135929;;;;;;;;;;;;;;;;;;;;;;;;;0,988616304;0,982632228;0,994618295
;;;;;;;;;0,717590898;0,690702225;0,744985829;;;;;;;;;;;;;;;;;;;;;;;;;0,959695578;0,953795456;0,965613641
;;;;;;;;;0,673862536;0,647268373;0,700984599;;;;;;;;;;;;;;;;;;;;;;;;;0,917196377;0,911428878;0,922981816
;;;;;;;;;;;;;;;;;;;;;;;;;;;;;;;;;;;;0,919511139;0,913735154;0,92530507
;;;;;;;;;;;;;;;;;;;;;;;;;;;;;;;;;;;;0,994839169;0,988821564;1,000874778
